Sample ID	Sequence Length	Repeat Copy	Canonical Motif	SortedNon-CanonicalMotifs	Repeat Structure	Canonical Motif Count	Non-Canonical Motif Count	%Non-Canonical Base	Non-Canonical Same Length	Non-Canonical Different Length
HG00110_EUR_GBR_c1	756	252	GAA		(GAA)252	252	0	0.00	0	0
HG00278_EUR_FIN_c2	614	205	GAA	T,A,GA	GAA-T-(GAA)7-A-(GAA)155-A-(GAA)40-GA	203	4	0.81	0	4
HG00311_EUR_FIN_c2	663	221	GAA	GAG,AA,GA	GAA-(GAG)2-(A)2-(GAA)90-GA-(GAA)126-GA	217	5	1.81	2	3
HG00312_EUR_FIN_c2	563	188	GAA	GA,GGA	GA-(GAA)4-GGA-(GAA)182	186	2	0.89	1	1
HG00334_EUR_FIN_c2	610	203	GAA	GA	(GAA)5-GA-(GAA)197-GA	202	2	0.66	0	2
HG00338_EUR_FIN_c2	689	230	GAA	GA	(GAA)229-GA	229	1	0.29	0	1
HG00423_EAS_CHS_c1	942	314	GAA	GCA,GAG	(GAA)28-GCA-(GAA)3-GCA-(GAA)3-GCA-(GAA)3-GCA-GAA-GCA-(GAA)4-GCA-(GAA)4-GCA-(GAA)4-GCA-(GAA)4-GCA-(GAA)4-GCA-(GAA)4-GCA-(GAA)4-GCA-(GAA)4-GCA-(GAA)4-GCA-(GAA)4-GCA-(GAA)4-GCA-(GAA)4-GCA-(GAA)4-GCA-(GAA)4-GCA-(GAA)4-GCA-(GAA)4-GCA-(GAA)4-GCA-(GAA)4-GCA-(GAA)4-GCA-(GAA)4-GCA-(GAA)4-GCA-(GAA)4-GCA-(GAA)4-GCA-(GAA)4-GCA-(GAA)4-GCA-GAA-GCA-GAA-GCA-GAA-GCA-GAA-GCA-GAA-GCA-GAA-GCA-GAA-GCA-GAA-GCA-GAA-GCA-GAA-GCA-GAA-(GCA)2-GAA-(GCA)2-GAA-(GCA)2-GAA-GCA-GAA-GCA-GAA-GCA-GAA-GCA-GAA-GCA-GAA-GCA-GAA-GCA-GAA-GCA-GAA-GCA-GAA-GCA-GAA-GCA-(GAA)2-GCA-GAA-GCA-GAA-(GCA)2-GAA-GCA-GAA-(GCA)2-GAA-GCA-GAA-(GCA)2-GAA-GCA-GAA-(GCA)2-GAA-GCA-GAA-GCA-(GAA)2-GCA-GAA-GCA-(GAA)3-GCA-(GAA)4-GCA-(GAA)4-GCA-(GAA)4-GCA-(GAA)23-GAG-(GAA)20	235	79	25.16	79	0
HG00427_EAS_CHS_c2	1367	456	GAA	GAC,A,GCA,GGC,AGC,GAG,CA,G	(GAA)14-GAC-A-(GAA)5-GCA-(GAA)5-GCA-(GAA)4-GCA-(GAA)4-GCA-(GAA)4-GCA-(GAA)4-GCA-(GAA)4-GCA-(GAA)4-GCA-(GAA)4-GCA-(GAA)4-GCA-(GAA)4-GCA-(GAA)4-GCA-(GAA)4-GCA-(GAA)4-GCA-(GAA)4-GCA-(GAA)4-GCA-(GAA)4-GCA-(GAA)4-GCA-(GAA)3-GCA-(GAA)4-GCA-(GAA)4-GCA-(GAA)4-GCA-(GAA)4-GCA-(GAA)4-GCA-(GAA)4-GCA-(GAA)4-GCA-(GAA)4-GCA-(GAA)4-GCA-(GAA)4-GCA-(GAA)4-GCA-GAA-GAC-A-GAA-GCA-GAA-GCA-GAA-(GCA)2-GAA-(GCA)2-GAA-(GCA)2-GAA-(GCA)2-GAA-(GCA)2-GAA-(GCA)2-GAA-GCA-GAA-GCA-GAA-GCA-GAA-GCA-GAA-GCA-GAA-GCA-GAA-GCA-GAA-GGC-A-GAA-GCA-GAA-GCA-GAA-GCA-GAA-GCA-(GAA)2-GCA-GAA-GCA-(GAA)2-GCA-GAA-GCA-(GAA)2-GCA-GAA-GCA-(GAA)2-GCA-GAA-GCA-(GAA)2-GCA-GAA-GCA-(GAA)2-GCA-(GAA)2-(GCA)2-GAA-(GCA)2-GAA-(GCA)2-GAA-GCA-GAC-A-GAA-GCA-GAA-GCA-GAA-GCA-GAA-GCA-GAA-GCA-GAA-GCA-GAA-GCA-GAA-GCA-(GAA)2-GCA-(GAA)2-GCA-GAA-GCA-GAA-GCA-GAA-GCA-GAA-GCA-GAA-GCA-GAA-GCA-GAA-GCA-GAA-GCA-GAA-GCA-GAA-GCA-GAA-GCA-GAA-GCA-GAA-GCA-GAA-GCA-GAA-GCA-GAA-GCA-GAA-GCA-GAA-GCA-GAA-(GCA)2-(GAA)3-(GCA)2-(GAA)3-(GCA)2-(GAA)3-GCA-AGC-A-(GAA)4-GCA-(GAA)4-GCA-(GAA)2-GAG-CA-GAA-G-GAA-G-GAA-AGC-A-(GAA)3-GCA-(GAA)3-GCA-(GAA)7-GCA-(GAA)3-GAC-A-(GAA)82-GAG-AGA	330	132	27.80	122	10
HG00436_EAS_CHS_c2	2045	682	GAA	GCA,AC,TGA,CA,G,A,GA,AAC,GAC,GCT,TAA,AGC,ATA,CTT,AA,CAA,AGT,TTA,ACA,TAC,ACT,GTA,TAG,CAT,ATT,AT,AAA,TCA,ATC,TA,TTG,CTG,T,TGC,AAT,CAG,GAT,C,GTC	(GAA)3-GCA-AC-GAA-TGA-CA-(GAA)15-GCA-(GAA)9-GCA-(GAA)4-GCA-(GAA)4-GCA-(GAA)4-GCA-(GAA)4-GCA-(GAA)9-GCA-(GAA)4-GCA-(GAA)4-GCA-(GAA)4-GCA-(GAA)4-GCA-(GAA)4-GCA-(GAA)4-GCA-(GAA)4-GCA-(GAA)4-GCA-(GAA)4-GCA-(GAA)4-GCA-(GAA)4-GCA-(GAA)4-GCA-(GAA)4-GCA-(GAA)4-GCA-(GAA)4-GCA-(GAA)4-GCA-G-(GAA)4-GCA-(GAA)4-GCA-(GAA)4-GCA-(GAA)4-GCA-(GAA)4-A-GAA-AGA-CA-(GAA)4-GCA-(GAA)2-GCA-GAA-GA-(GAA)2-AAC-A-GAA-GCA-GAA-GCA-A-(GAA)4-(GCA)2-A-(GAA)2-GAC-A-GAA-GCT-TAA-GAA-AGC-ATA-AGC-A-GAA-GCA-AAG-CTT-(A)2-GAA-AGC-ATA-GCA-GAA-GCT-AGC-AAG-CAA-GAA-GCA-AGT-AAG-CAA-GCA-A-GAA-TTA-CA-GAA-GCT-(A)2-GAA-ACA-GCA-GAA-ACA-GCA-A-GAA-ATA-GCA-AGT-TAC-AAG-ACT-ATA-GCT-AAG-ATA-GCA-GTA-GCA-GAA-GCT-A-GAA-AGC-ATA-TAG-CAT-A-GAA-ATT-AT-GAA-ATA-GCT-(A)2-GAA-TAC-A-GAA-GCT-AAG-CAA-ACT-TAG-CA-GAA-ACA-GAA-TTA-CA-GAA-GCA-TAA-CA-GAA-GCT-ATA-AGC-(A)3-TTA-GCA-GAA-TCA-GTA-A-GAA-ATC-AT-GAA-GCA-GAA-GCA-A-GAA-ATT-AAG-TTA-CAT-ACA-GAA-GCA-TAA-GTA-AGT-(A)2-GAA-GCA-TA-GAA-TAG-CA-GAA-TAG-CAT-TAA-GCT-AAG-CA-GAA-TTG-CTG-CAT-GAA-ACA-GCA-T-GAA-GCA-ACA-GCA-GAA-TGC-AGT-AAT-GAA-ACA-GCA-GAA-T-GAA-ACT-AGC-A-(GAA)2-ATA-GTA-A-GAA-ATA-CAA-GTA-A-GAA-ATA-AGC-(A)3-GTA-TAG-CAA-AAG-CAG-TTA-AGC-A-GAA-GCT-AAG-CAA-GAA-ACA-TTA-GAA-GCT-AAG-CAA-GAT-AGC-A-GAA-GCA-C-GAA-GCA-ACA-GCA-AGC-AAG-CAA-AGC-TAG-TAA-GCT-(A)2-GAA-GCA-A-GAA-ACA-GAA-GCT-(A)2-GAA-GCA-AAC-AGT-TAC-A-GAA-TTA-CAA-GCA-GAA-GCA-T-GAA-TTA-CA-GAA-GCA-(CAG)3-AAG-CA-GAA-GCA-CAA-GCA-GAA-ACA-GAA-TAC-A-GAA-GCA-(A)3-GCA-GAA-GCA-GAA-GCA-GAA-GCA-(GAA)2-GCA-(GAA)2-GCA-GAA-GTA-(A)2-GAA-CA-(GAA)2-GCA-(GAA)2-GTC-A-GAA-T-GAA-GCA-(GAA)2-GCA-(GAA)2-GCA-A-GAA-GCA-A-GAA-GCA-GAA-GCA-GAA-GCA-GAA-GCA-GAA-A-GAA-GCA-(GAA)2-GCA-GAT-AGC-A-GAA-GCA-GAA-TGC-A-GAA-GCA-GAA-GCA-GAA-GCA-GAA-GCA-GAA-GCA-GAA-AGC-A-GAA-GCA-GAA-GCA-GAA-GCA-GAA-GCA-GAA-GCA-GAA-GCA-GAA-GCA-GAA-GCA-GAA-GCA-GAA-GCA-GAA-(GCA)47-GCT-(GCA)45-GAA-GCA-GAA-GCA-GAA-GCA-GAA-GCA-(GAA)58	336	376	52.76	319	57
HG00438_EAS_CHS_c1	1947	649	GAA	GCA	(GAA)26-GCA-(GAA)5-GCA-(GAA)4-GCA-(GAA)4-GCA-(GAA)4-GCA-(GAA)4-GCA-(GAA)4-GCA-(GAA)4-GCA-(GAA)4-GCA-(GAA)4-GCA-(GAA)4-GCA-(GAA)4-GCA-(GAA)4-GCA-(GAA)4-GCA-(GAA)4-GCA-(GAA)4-GCA-(GAA)4-GCA-(GAA)4-GCA-(GAA)4-GCA-(GAA)4-GCA-(GAA)4-GCA-(GAA)4-GCA-(GAA)4-GCA-(GAA)4-GCA-(GAA)4-GCA-(GAA)4-GCA-(GAA)4-GCA-(GAA)4-GCA-(GAA)4-GCA-(GAA)4-GCA-(GAA)3-(GCA)2-(GAA)4-GCA-(GAA)4-GCA-GAA-GCA-GAA-GCA-GAA-GCA-GAA-GCA-GAA-GCA-GAA-GCA-GAA-GCA-GAA-GCA-GAA-(GCA)2-GAA-(GCA)2-GAA-(GCA)2-GAA-(GCA)2-GAA-(GCA)2-GAA-GCA-GAA-GCA-GAA-GCA-GAA-GCA-GAA-GCA-GAA-GCA-(GAA)2-GCA-GAA-GCA-GAA-GCA-GAA-GCA-GAA-GCA-GAA-(GCA)2-GAA-GCA-GAA-(GCA)2-GAA-GCA-GAA-(GCA)7-GAA-GCA-GAA-GCA-GAA-GCA-GAA-GCA-GAA-GCA-GAA-GCA-GAA-GCA-GAA-GCA-GAA-GCA-GAA-GCA-GAA-GCA-GAA-GCA-GAA-GCA-GAA-GCA-GAA-GCA-GAA-(GCA)2-(GAA)2-GCA-GAA-(GCA)2-GAA-(GCA)2-GAA-(GCA)2-GAA-(GCA)2-GAA-(GCA)2-GAA-(GCA)2-GAA-(GCA)3-GAA-(GCA)2-(GAA)2-(GCA)2-(GAA)2-(GCA)2-(GAA)2-(GCA)2-(GAA)3-(GCA)2-GAA-GCA-GAA-(GCA)2-GAA-GCA-GAA-GCA-GAA-GCA-GAA-GCA-GAA-GCA-GAA-GCA-GAA-GCA-GAA-GCA-GAA-GCA-GAA-GCA-GAA-GCA-GAA-GCA-GAA-GCA-GAA-GCA-GAA-GCA-GAA-GCA-GAA-GCA-GAA-GCA-GAA-GCA-GAA-GCA-GAA-GCA-GAA-GCA-GAA-GCA-GAA-GCA-GAA-GCA-GAA-GCA-GAA-(GCA)2-GAA-GCA-GAA-GCA-GAA-GCA-GAA-GCA-GAA-GCA-GAA-GCA-GAA-GCA-GAA-GCA-GAA-GCA-GAA-GCA-GAA-GCA-(GAA)2-GCA-GAA-GCA-(GAA)2-GCA-(GAA)2-GCA-(GAA)2-GCA-(GAA)2-GCA-(GAA)2-GCA-(GAA)2-GCA-(GAA)2-GCA-(GAA)2-GCA-GAA-GCA-GAA-GCA-GAA-GCA-GAA-GCA-GAA-GCA-(GAA)2-GCA-(GAA)2-GCA-GAA-GCA-GAA-GCA-GAA-GCA-GAA-GCA-GAA-GCA-GAA-GCA-GAA-GCA-GAA-GCA-GAA-GCA-GAA-GCA-GAA-GCA-GAA-GCA-GAA-GCA-GAA-GCA-GAA-GCA-GAA-GCA-GAA-(GCA)85-GAA-GCA-GAA-GCA-GAA-GCA-GAA-GCA-GAA-GCA-(GAA)56	365	284	43.76	284	0
HG00551_AMR_PUR_c2	929	310	GAA	GCA,GAG,CA,TA,GAT,G	(GAA)23-GCA-(GAA)3-GCA-(GAA)3-GCA-(GAA)3-GCA-GAA-GCA-(GAA)4-GCA-(GAA)4-GCA-(GAA)4-GCA-(GAA)4-GCA-(GAA)4-GCA-(GAA)4-GCA-(GAA)4-GCA-(GAA)4-GCA-(GAA)4-GCA-(GAA)4-GCA-(GAA)3-GCA-(GAA)4-GCA-(GAA)4-GCA-(GAA)4-GCA-(GAA)4-GCA-(GAA)4-GCA-(GAA)4-GCA-(GAA)4-GCA-(GAA)4-GCA-(GAA)4-GCA-(GAA)4-GAG-CA-(GAA)4-GCA-(GAA)4-GCA-(GAA)4-GCA-GAA-GCA-GAA-GCA-GAA-GCA-GAA-GCA-GAA-GCA-GAA-GCA-GAA-GCA-GAA-GCA-GAA-GCA-GAA-GCA-GAA-GCA-GAA-(GCA)2-GAA-(GCA)2-GAA-(GCA)2-GAA-GCA-GAA-GCA-GAA-GCA-GAA-GCA-GAA-GCA-GAA-GCA-GAA-GCA-GAA-GCA-GAA-GCA-GAA-GCA-GAA-GCA-(GAA)2-GCA-GAA-GCA-GAA-(GCA)2-GAA-GCA-GAA-(GCA)2-GAA-GCA-GAA-(GCA)2-GAA-GCA-GAA-(GCA)2-GAA-GCA-GAA-GCA-(GAA)2-GCA-GAA-GCA-(GAA)3-GCA-(GAA)4-GCA-(GAA)4-GCA-(GAA)4-GCA-(GAA)44-TA-GAA-GAT-GAA-G	229	82	26.05	79	3
HG00558_EAS_CHS_c1	1842	614	GAA	GCA	(GAA)16-GCA-(GAA)5-GCA-(GAA)5-GCA-(GAA)4-GCA-(GAA)4-GCA-(GAA)4-GCA-(GAA)4-GCA-(GAA)4-GCA-(GAA)4-GCA-(GAA)4-GCA-(GAA)4-GCA-(GAA)4-GCA-(GAA)4-GCA-(GAA)4-GCA-(GAA)4-GCA-(GAA)4-GCA-(GAA)4-GCA-(GAA)4-GCA-(GAA)4-GCA-(GAA)4-GCA-(GAA)4-GCA-(GAA)4-GCA-(GAA)4-GCA-(GAA)4-GCA-(GAA)4-GCA-(GAA)4-GCA-(GAA)4-GCA-(GAA)4-GCA-(GAA)4-GCA-(GAA)4-GCA-(GAA)4-GCA-(GAA)4-GCA-GAA-GCA-GAA-GCA-GAA-GCA-GAA-(GCA)2-GAA-(GCA)2-GAA-(GCA)2-GAA-(GCA)2-GAA-(GCA)2-GAA-GCA-GAA-GCA-GAA-GCA-GAA-GCA-GAA-GCA-GAA-GCA-GAA-GCA-GAA-GCA-GAA-GCA-GAA-GCA-GAA-GCA-GAA-GCA-(GAA)2-GCA-GAA-GCA-(GAA)2-GCA-GAA-GCA-(GAA)2-GCA-GAA-GCA-(GAA)2-GCA-GAA-GCA-(GAA)2-GCA-GAA-GCA-(GAA)2-GCA-GAA-GCA-(GAA)2-GCA-(GAA)2-(GCA)2-GAA-(GCA)2-GAA-(GCA)2-GAA-(GCA)2-GAA-GCA-GAA-GCA-GAA-GCA-GAA-GCA-GAA-GCA-GAA-GCA-GAA-GCA-GAA-GCA-(GAA)2-GCA-(GAA)2-GCA-(GAA)2-GCA-(GAA)2-GCA-GAA-GCA-GAA-GCA-GAA-GCA-GAA-GCA-GAA-GCA-GAA-GCA-GAA-GCA-GAA-GCA-GAA-GCA-GAA-GCA-GAA-GCA-GAA-GCA-GAA-GCA-GAA-GCA-GAA-GCA-GAA-GCA-GAA-GCA-(GAA)3-GCA-(GAA)3-GCA-(GAA)3-GCA-(GAA)3-GCA-(GAA)4-GCA-(GAA)4-GCA-(GAA)4-GCA-(GAA)4-GCA-(GAA)4-GCA-(GAA)4-GCA-(GAA)2-GCA-(GAA)2-GCA-(GAA)2-GCA-GAA-GCA-(GAA)2-GCA-GAA-GCA-(GAA)4-GCA-(GAA)2-GCA-GAA-GCA-(GAA)2-GCA-GAA-GCA-(GAA)2-GCA-GAA-GCA-GAA-(GCA)2-GAA-GCA-(GAA)3-GCA-(GAA)3-GCA-GAA-GCA-GAA-GCA-GAA-GCA-GAA-GCA-GAA-GCA-GAA-GCA-GAA-GCA-GAA-GCA-GAA-GCA-GAA-GCA-GAA-GCA-GAA-GCA-GAA-GCA-GAA-GCA-GAA-GCA-GAA-GCA-GAA-GCA-GAA-GCA-GAA-GCA-GAA-GCA-GAA-GCA-GAA-GCA-GAA-GCA-GAA-GCA-GAA-GCA-GAA-GCA-GAA-GCA-GAA-GCA-GAA-GCA-GAA-GCA-GAA-GCA-GAA-GCA-GAA-GCA-GAA-GCA-GAA-GCA-GAA-GCA-GAA-GCA-GAA-GCA-GAA-GCA-GAA-GCA-GAA-GCA-GAA-GCA-GAA-GCA-GAA-GCA-GAA-GCA-GAA-GCA-GAA-GCA-GAA-GCA-GAA-GCA-GAA-GCA-GAA-GCA-GAA-GCA-GAA-GCA-GAA-GCA-GAA-GCA-GAA-GCA-GAA-GCA-GAA-GCA-GAA-GCA-GAA-GCA-GAA-GCA-GAA-GCA-GAA-GCA-GAA-GCA-GAA-GCA-GAA-GCA-GAA-GCA-GAA-GCA-GAA-GCA-GAA-GCA-GAA-GCA-GAA-GCA-GAA-GCA-GAA-GCA-GAA-GCA-GAA-GCA-GAA-GCA-GAA-GCA-GAA-GCA-GAA-GCA-GAA-GCA-(GAA)30	398	216	35.18	216	0
HG00589_EAS_CHS_c2	1435	478	GAA	GCA,A,GCC,AGC,GAG,CA	(GAA)17-GCA-(GAA)5-GCA-(GAA)5-GCA-(GAA)4-GCA-(GAA)4-GCA-(GAA)4-GCA-(GAA)4-GCA-(GAA)4-GCA-(GAA)4-GCA-(GAA)4-GCA-(GAA)4-GCA-(GAA)4-GCA-(GAA)12-GCA-(GAA)4-GCA-(GAA)4-GCA-(GAA)4-GCA-(GAA)4-GCA-(GAA)4-GCA-(GAA)4-GCA-(GAA)4-GCA-(GAA)4-GCA-(GAA)4-GCA-(GAA)4-GCA-(GAA)4-GCA-(GAA)4-GCA-(GAA)4-GCA-(GAA)4-GCA-(GAA)4-GCA-(GAA)4-GCA-(GAA)4-GCA-GAA-GCA-A-GAA-GCA-GAA-GCA-GAA-(GCA)2-GAA-(GCA)2-GAA-(GCA)2-GAA-(GCA)2-GAA-(GCA)2-GAA-GCA-GAA-GCA-GAA-GCA-GAA-GCA-GAA-GCA-GAA-GCA-GAA-GCA-GAA-GCA-GAA-GCA-GAA-GCA-GAA-GCA-GAA-GCA-(GAA)2-GCA-GAA-GCA-(GAA)2-GCA-GAA-GCA-(GAA)2-GCA-GAA-GCA-(GAA)2-GCA-GAA-GCA-(GAA)2-GCA-GAA-GCA-(GAA)2-GCA-GAA-GCA-(GAA)2-GCA-(GAA)2-(GCA)2-GAA-(GCA)2-GAA-(GCA)2-GAA-(GCA)2-GAA-GCC-AGC-A-GAA-GCA-GAA-GCA-GAA-GCA-GAA-GCA-GAA-GCA-GAA-GCA-GAG-CA-GAA-GCA-(GAA)2-GCA-(GAA)2-GCA-(GAA)2-GCA-(GAA)2-GCA-GAA-GCA-GAA-GCA-GAA-GCA-GAA-GCA-GAA-GCA-GAA-GCA-GAA-GCA-GAA-GCA-(GAA)5-GCA-(GAA)3-GCA-(GAA)3-GCA-(GAA)3-GCA-(GAA)3-GCA-(GAA)3-(GCA)2-(GAA)3-(GCA)3-(GAA)3-GCA-(GAA)2-GCA-(GAA)2-GCA-(GAA)2-GCA-(GAA)2-GCA-GAA-GCA-GAA-GCA-GAA-GCA-GAA-GCA-GAA-GCA-GAA-GCA-GAA-GCA-GAA-GCA-GAA-GCA-GAA-GCA-GAA-GCA-GAA-GCA-GAA-GCA-(GAA)4-GCA-(GAA)4-GCA-(GAA)4-GCA-(GAA)2-GCA-(GAA)5-GCA-(GAA)4-GCA-(GAA)63	345	135	27.87	132	3
HG00610_EAS_CHS_c2!	1324	441	GAA	GCA,A,AAA,GAC,AGC,GAG,CAG,CAA,GA	(GAA)24-GCA-(GAA)4-GCA-GAA-GCA-(GAA)4-GCA-(GAA)4-GCA-(GAA)4-GCA-(GAA)4-GCA-(GAA)4-GCA-(GAA)4-GCA-A-(GAA)4-GCA-(GAA)4-GCA-(GAA)4-GCA-(GAA)4-GCA-(GAA)4-GCA-(GAA)4-GCA-(GAA)4-GCA-(GAA)4-GCA-(GAA)3-GCA-A-(GAA)4-GCA-(GAA)5-GCA-(GAA)4-GCA-(GAA)4-GCA-(GAA)4-GCA-(GAA)4-GCA-(GAA)4-GCA-(GAA)4-GCA-(GAA)4-GCA-(GAA)4-GCA-(GAA)4-GCA-(GAA)4-GCA-(GAA)4-GCA-(GAA)4-GCA-(GAA)3-(A)3-GAA-GCA-(GAA)2-GAC-A-GAA-GCA-GAA-GCA-GAA-(GCA)2-AGC-A-GAA-GCA-GAA-GCA-GAA-(GCA)2-GAG-(CAG)2-CAA-GAC-AGC-A-GAA-GCA-GAA-(GCA)2-GAA-GCA-GAA-GCA-GAA-GCA-GAA-GCA-GAA-GCA-GAA-GCA-GAA-GCA-(GAA)2-GCA-GAA-GCA-GAA-GCA-GAA-GCA-GAA-GCA-(GAA)2-GCA-GAA-GCA-GAA-(GCA)2-GAA-GCA-GAA-(GCA)2-GAA-GCA-GAA-GCA-GAA-GCA-GAA-GCA-GAA-GCA-GAA-GCA-GAA-GCA-GAA-GCA-GAA-GCA-GAA-GCA-GAA-GCA-GAA-GCA-GAA-GCA-GAA-GCA-GAA-GCA-GAA-GCA-GAA-GCA-GAA-GCA-GAA-GCA-GAA-GCA-GAA-GCA-GAA-GCA-GAA-(GCA)2-GAA-(GCA)2-GAA-(GCA)2-GAA-(GCA)2-GAA-(GCA)2-(GAA)2-GCA-(GAA)2-GCA-(GAA)2-GCA-(GAA)2-GCA-(GAA)2-GCA-(GAA)2-(GCA)2-(GAA)2-(GCA)2-(GAA)4-GCA-(GAA)4-GCA-(GAA)3-GCA-(GAA)3-GCA-(GAA)2-GCA-GAA-GCA-GAA-GCA-GAA-GCA-GAA-GCA-GAA-GCA-GAA-GCA-GAA-GCA-GAA-GCA-GAA-GCA-GAA-GCA-GAA-GCA-GAA-GCA-GAA-GCA-GAA-GCA-GAA-GCA-GAA-GCA-GAA-GCA-GAA-GCA-GAA-GCA-GAA-GCA-GAA-GCA-GAA-GCA-GAA-GCA-GAA-GCA-GAA-GCA-GAA-GCA-GAA-GCA-GAA-GCA-GAA-GCA-GAA-GCA-GAA-GCA-GAA-GCA-GAA-GCA-GAA-GCA-GAA-GCA-GAA-GCA-GAA-GCA-(GAA)12-GA	284	161	35.65	155	6
HG00634_EAS_CHS_c2	635	212	GAA	GA	(GAA)211-GA	211	1	0.31	0	1
HG01058_AMR_PUR_c2	1251	417	GAA	GGA,GGG,A,GA,GAG	(GAA)9-GGA-GAA-GGA-(GAA)2-GGA-GAA-GGA-GAA-GGA-GAA-GGA-GAA-GGA-GAA-GGA-GAA-GGA-GAA-GGA-GAA-GGA-GAA-(G)3-A-GAA-GGA-GAA-GGA-GAA-GGA-GAA-GGA-GAA-GGA-GAA-GGA-GAA-GGA-GAA-GGA-GAA-GGA-GAA-GGA-GAA-GGA-GAA-GGA-GAA-GGA-GAA-GGA-GAA-GGA-GAA-(G)3-GA-GAA-GGA-GAA-GGA-GAA-GGA-GAA-GGA-GAA-GGA-GAA-GGA-GAA-GGA-GAA-GGA-GAA-GGA-GAA-GGA-GAA-GGA-GAA-GGA-GAA-GGA-GAA-GGA-GAA-GGA-GAA-GGA-GAA-GGA-GAA-GGA-GAA-GGA-GAA-GGA-GAA-GGA-GAA-GGA-GAA-GGA-GAA-GGA-GAA-GGA-GAA-GGA-GAA-GGA-GAA-GGA-GAA-GGA-GAA-GGA-GAA-GGA-GAA-GGA-GAA-GGA-GAA-GGA-GAA-GGA-GAA-GGA-GAA-GGA-GAA-GGA-GAA-GGA-GAA-GGA-GAA-GGA-GAA-GGA-GAA-GGA-GAA-GGA-GAA-GGA-GAA-GGA-GAA-GGA-GAA-GGA-GAA-GGA-GAA-GGA-GAA-GGA-GAA-GGA-GAA-GGA-GAA-GGA-GAA-GGA-GAA-GGA-GAA-GGA-GAA-GGA-GAA-GGA-GAA-GGA-GAA-GGA-GAA-(GAG)2-AAG-GA-GAA-GGA-GAA-GGA-GAA-GGA-GAA-GGA-GAA-GGA-GAA-GGA-GAA-GGA-GAA-GGA-GAA-GGA-GAA-GGA-GAA-GGA-GAA-GGA-GAA-GGA-GAA-GGA-GAA-GGA-GAA-GGA-GAA-GGA-GAA-GGA-GAA-GGA-GAA-GGA-GAA-GGA-GAA-GGA-GAA-GGA-GAA-GGA-GAA-GGA-GAA-GGA-GAA-GGA-GAA-GGA-GAA-GGA-GAA-GGA-GAA-GGA-GAA-GGA-GAA-GGA-GAA-GGA-GAA-GGA-GAA-GGA-GAA-GGA-GAA-GGA-GAA-GGA-GAA-GGA-GAA-GGA-GAA-GGA-GAA-(GGA)2-GAA-GGA-GAA-GGA-GAA-GGA-GAA-GGA-GAA-GGA-GAA-GGA-GAA-GGA-GAA-GGA-GAA-GGA-GAA-GGA-GAA-GGA-GAA-GGA-GAA-GGA-GA-GAA-GGA-GAA-GGA-GAA-GGA-GAA-GGA-GAA-GGA-(GAA)100-GA	261	158	37.65	153	5
HG01060_AMR_PUR_c2	913	304	GAA	GCA,GAG,A	(GAA)22-GCA-(GAA)3-GCA-(GAA)3-GCA-(GAA)3-GCA-GAA-GCA-(GAA)4-GCA-(GAA)4-GCA-(GAA)4-GCA-(GAA)4-GCA-(GAA)4-GCA-(GAA)4-GCA-(GAA)4-GCA-(GAA)4-GCA-(GAA)4-GCA-(GAA)4-GCA-(GAA)4-GCA-(GAA)4-GCA-(GAA)4-GCA-(GAA)4-GCA-(GAA)4-GCA-(GAA)4-GCA-(GAA)4-GCA-(GAA)4-GCA-(GAA)4-GCA-(GAA)4-GCA-(GAA)4-GCA-(GAA)4-GCA-(GAA)4-GCA-(GAA)4-GCA-(GAA)4-GCA-GAA-GCA-GAA-GCA-GAA-GCA-GAA-GCA-GAA-GCA-GAA-GCA-GAA-GCA-GAA-GCA-GAA-GCA-GAA-GCA-GAA-(GCA)2-GAA-(GCA)2-GAA-(GCA)2-GAA-GCA-GAA-GCA-GAA-GCA-GAA-GCA-GAA-GCA-GAA-GCA-GAA-GCA-GAA-GCA-GAA-GCA-GAA-GCA-(GAA)2-GCA-GAA-GCA-GAA-(GCA)2-GAA-GCA-GAA-(GCA)2-GAA-GCA-GAA-(GCA)2-GAA-GCA-GAA-(GCA)2-GAA-GCA-GAA-GCA-(GAA)2-GCA-GAA-GCA-(GAA)3-GCA-(GAA)4-GCA-(GAA)4-GCA-(GAA)4-GCA-GAA-GAG-A-(GAA)40	226	79	25.74	78	1
HG01107_AMR_PUR_c2	704	235	GAA	GAG,A	(GAA)4-(GAG)5-(GAA)25-GAG-A-(GAA)73-A-(GAA)126	228	8	2.84	6	2
HG01148_AMR_CLM_c2	863	288	GAA	GCA,GAG,GA	(GAA)25-GCA-(GAA)3-GCA-(GAA)3-GCA-(GAA)3-GCA-GAA-GCA-(GAA)4-GCA-(GAA)4-GCA-(GAA)4-GCA-(GAA)4-GCA-(GAA)4-GCA-(GAA)4-GCA-(GAA)4-GCA-(GAA)4-GCA-(GAA)4-GCA-(GAA)4-GCA-(GAA)4-GCA-(GAA)4-GCA-(GAA)4-GCA-(GAA)4-GCA-(GAA)4-GCA-(GAA)4-GCA-(GAA)4-GCA-(GAA)4-GCA-(GAA)4-GCA-(GAA)4-GCA-(GAA)4-GCA-(GAA)4-GCA-GAA-GCA-GAA-GCA-GAA-GCA-GAA-GCA-GAA-GCA-GAA-GCA-GAA-GCA-GAA-GCA-GAA-GCA-GAA-(GCA)2-GAA-(GCA)2-GAA-GCA-GAA-GCA-GAA-GCA-GAA-GCA-GAA-GCA-GAA-GCA-GAA-GCA-GAA-GCA-GAA-GCA-GAA-GCA-GAA-GCA-(GAA)2-GCA-GAA-GCA-GAA-(GCA)2-GAA-GCA-GAA-(GCA)2-GAA-GCA-GAA-(GCA)2-GAA-GCA-GAA-(GCA)2-GAA-GCA-GAA-GCA-(GAA)2-GCA-GAA-GCA-(GAA)3-GCA-(GAA)4-GCA-(GAA)4-GCA-(GAA)4-GCA-(GAA)4-GCA-(GAA)19-GAG-(GAA)15-GA	213	75	25.96	74	1
HG01286_AMR_PUR_c2	805	268	GAA	GGA,GAG,GA	(GAA)5-GGA-GAA-GGA-GAA-GGA-GAA-GGA-GAA-GGA-GAA-GGA-GAA-GGA-GAA-GGA-GAA-GGA-GAA-GGA-GAA-GGA-GAA-GGA-GAA-GGA-GAA-GGA-GAA-GGA-GAA-GGA-GAA-GGA-GAA-GGA-GAA-GGA-GAA-GGA-GAA-GGA-GAA-GGA-GAA-GGA-GAA-GGA-GAA-GGA-GAA-GGA-GAA-GGA-GAA-GGA-GAA-GGA-GAA-GGA-GAA-GGA-GAA-GGA-GAA-GGA-GAA-GGA-GAA-GGA-GAA-GGA-GAA-GGA-GAA-GGA-GAA-GGA-GAA-GGA-GAA-GGA-GAA-GGA-GAA-GGA-GAA-GGA-GAA-GGA-GAA-GGA-GAA-GGA-GAA-GGA-GAA-GGA-GAA-GGA-GAA-GGA-GAA-GGA-GAA-GGA-GAA-GGA-GAA-GGA-GAA-GGA-GAA-GGA-GAA-GGA-GAA-GGA-GAA-GGA-GAA-GGA-GAA-(GGA)2-GAA-GGA-GAA-GGA-GAA-GGA-GAA-GGA-GAA-GGA-GAA-(GAG)2-AAG-GA-GAA-(GGA)2-GAA-GGA-GAA-GGA-GAA-GGA-GAA-GGA-GAA-GGA-GAA-GGA-GAA-GGA-GAA-GGA-GAA-GGA-GAA-GGA-GAA-GGA-GAA-GGA-GAA-GGA-GAA-GGA-GAA-GGA-GAA-GGA-GAA-GGA-GAA-GGA-GAA-GGA-GAA-GGA-GAA-GGA-GAA-GGA-GAA-GGA-GAA-GGA-GAA-GGA-GAA-GGA-GAA-GGA-GAA-GGA-GAA-GGA-GAA-GGA-GAA-GGA-GAA-GGA-GAA-GGA-GAA-GGA-GAA-GGA-GAA-GGA-GAA-GGA-GAA-GGA-GAA-GGA-GAA-GGA-GAA-GGA-GAA-GGA-GAA-GGA-GAA-GGA-GAA-GGA-GAA-GGA-GAA-GGA-GAA-GGA-GAA-GGA-GAA-GGA-GAA-GGA-GAA-GGA-(GAA)17-GA	143	126	47.08	124	2
HG01501_EUR_IBS_c1	827	276	GAA	AA	(GAA)269-(A)2-(GAA)6	275	1	0.24	0	1
HG01608_EUR_IBS_c2	540	180	GAA	G,GA	(GAA)2-G-(GAA)177-GA	179	2	0.56	0	2
HG01790_EUR_GBR_c2	621	207	GAA		(GAA)207	207	0	0.00	0	0
HG01846_EAS_KHV_c2	764	255	GAA	GA	(GAA)122-GA-(GAA)132	254	1	0.26	0	1
HG01942_AMR_PEL_c2	926	309	GAA	GCA,GAG,GA	(GAA)22-GCA-(GAA)3-GCA-(GAA)3-GCA-(GAA)3-GCA-GAA-GCA-(GAA)4-GCA-(GAA)4-GCA-(GAA)4-GCA-(GAA)4-GCA-(GAA)4-GCA-(GAA)4-GCA-(GAA)4-GCA-(GAA)4-GCA-(GAA)4-GCA-(GAA)4-GCA-(GAA)4-GCA-(GAA)4-GCA-(GAA)4-GCA-(GAA)4-GCA-(GAA)4-GCA-(GAA)4-GCA-(GAA)4-GCA-(GAA)4-GCA-(GAA)4-GCA-(GAA)4-GCA-(GAA)4-GCA-(GAA)4-GCA-(GAA)4-GCA-(GAA)4-GCA-(GAA)4-GCA-GAA-GCA-GAA-GCA-GAA-GCA-GAA-GCA-GAA-GCA-GAA-GCA-GAA-GCA-GAA-GCA-GAA-GCA-GAA-GCA-GAA-(GCA)2-GAA-(GCA)2-GAA-(GCA)2-GAA-GCA-GAA-GCA-GAA-GCA-GAA-GCA-GAA-GCA-GAA-GCA-GAA-GCA-GAA-GCA-GAA-GCA-GAA-GCA-GAA-GCA-GAA-GCA-GAA-GCA-(GAA)2-GCA-GAA-GCA-GAA-(GCA)2-GAA-GCA-GAA-(GCA)2-GAA-GCA-GAA-(GCA)2-GAA-GCA-GAA-(GCA)2-GAA-GCA-GAA-GCA-(GAA)2-GCA-GAA-GCA-(GAA)3-GCA-(GAA)4-GCA-(GAA)4-GCA-(GAA)4-GCA-(GAA)24-GAG-(GAA)15-GA	227	82	26.46	81	1
HG01943_AMR_PEL_c1	951	317	GAA	GCA,GAG	(GAA)22-GCA-(GAA)3-GCA-(GAA)3-GCA-(GAA)3-GCA-GAA-GCA-(GAA)4-GCA-(GAA)4-GCA-(GAA)4-GCA-(GAA)4-GCA-(GAA)4-GCA-(GAA)4-GCA-(GAA)4-GCA-(GAA)4-GCA-(GAA)4-GCA-(GAA)4-GCA-(GAA)4-GCA-(GAA)4-GCA-(GAA)4-GCA-(GAA)4-GCA-(GAA)4-GCA-(GAA)4-GCA-(GAA)4-GCA-(GAA)4-GCA-(GAA)4-GCA-(GAA)4-GCA-(GAA)4-GCA-(GAA)4-GCA-(GAA)4-GCA-(GAA)4-GCA-(GAA)4-GCA-(GAA)4-GCA-GAA-GCA-GAA-GCA-GAA-GCA-GAA-GCA-GAA-GCA-GAA-GCA-GAA-GCA-GAA-GCA-GAA-GCA-GAA-GCA-GAA-(GCA)2-GAA-(GCA)2-GAA-(GCA)2-GAA-GCA-GAA-GCA-GAA-GCA-GAA-GCA-GAA-GCA-GAA-GCA-GAA-GCA-GAA-GCA-GAA-GCA-GAA-GCA-GAA-GCA-GAA-GCA-GAA-GCA-GAA-GCA-(GAA)2-GCA-GAA-GCA-GAA-(GCA)2-GAA-GCA-GAA-(GCA)2-GAA-GCA-GAA-(GCA)2-GAA-GCA-GAA-(GCA)2-GAA-GCA-GAA-GCA-(GAA)2-GCA-GAA-GCA-(GAA)3-GCA-(GAA)4-GCA-(GAA)4-GCA-(GAA)4-GCA-(GAA)24-GAG-(GAA)17	234	83	26.18	83	0
HG01950_AMR_PEL_c2	932	311	GAA	GAG,CA,GCA,A,GA	(GAA)22-GAG-CA-(GAA)3-GCA-(GAA)3-GCA-(GAA)3-GCA-GAA-GCA-(GAA)4-GCA-(GAA)4-GCA-(GAA)4-GCA-(GAA)4-GCA-(GAA)4-GCA-(GAA)4-GCA-(GAA)4-GCA-(GAA)4-GCA-(GAA)4-GCA-(GAA)4-GCA-(GAA)4-GCA-(GAA)4-GCA-(GAA)4-GCA-(GAA)4-GCA-(GAA)4-GCA-(GAA)4-GCA-(GAA)4-GCA-(GAA)4-GCA-(GAA)4-GCA-(GAA)4-GCA-(GAA)4-GCA-(GAA)4-GCA-(GAA)4-GCA-(GAA)9-GCA-(GAA)4-GCA-GAA-GCA-GAA-GCA-GAA-GCA-GAA-GCA-GAA-GCA-GAA-GCA-GAA-GCA-GAA-GCA-GAA-GCA-GAA-GCA-GAA-(GCA)2-GAA-(GCA)2-GAA-(GCA)2-GAA-GCA-GAA-GCA-GAA-GCA-GAA-GCA-GAA-GCA-GAA-GCA-GAA-GCA-GAA-GCA-GAA-GCA-A-GAA-GCA-GAA-GCA-(GAA)2-GCA-GAA-GCA-GAA-(GCA)2-GAA-GCA-GAA-(GCA)2-GAA-GCA-GAA-(GCA)2-GAA-GCA-GAA-(GCA)2-GAA-GCA-GAA-GCA-(GAA)2-GCA-GAA-GCA-(GAA)3-GCA-(GAA)4-GCA-(GAA)4-GCA-(GAA)4-GCA-(GAA)22-GAG-(GAA)17-GA	230	82	25.97	79	3
HG01975_AMR_PEL_c1	945	315	GAA	GCA,GAG	(GAA)24-GCA-(GAA)3-GCA-(GAA)3-GCA-(GAA)3-GCA-GAA-GCA-(GAA)4-GCA-(GAA)4-GCA-(GAA)4-GCA-(GAA)4-GCA-(GAA)4-GCA-(GAA)4-GCA-(GAA)4-GCA-(GAA)4-GCA-(GAA)4-GCA-(GAA)4-GCA-(GAA)4-GCA-(GAA)4-GCA-(GAA)4-GCA-(GAA)4-GCA-(GAA)4-GCA-(GAA)4-GCA-(GAA)4-GCA-(GAA)4-GCA-(GAA)4-GCA-(GAA)4-GCA-(GAA)4-GCA-(GAA)4-GCA-(GAA)4-GCA-(GAA)4-GCA-(GAA)4-GCA-(GAA)4-GCA-GAA-GCA-GAA-GCA-GAA-GCA-GAA-GCA-GAA-GCA-GAA-GCA-GAA-GCA-GAA-GCA-GAA-GCA-GAA-GCA-GAA-(GCA)2-GAA-(GCA)2-GAA-(GCA)2-GAA-GCA-GAA-GCA-GAA-GCA-GAA-GCA-GAA-GCA-GAA-GCA-GAA-GCA-GAA-GCA-GAA-GCA-GAA-GCA-GAA-GCA-(GAA)2-GCA-GAA-GCA-GAA-(GCA)2-GAA-GCA-GAA-(GCA)2-GAA-GCA-GAA-(GCA)2-GAA-GCA-GAA-(GCA)2-GAA-GCA-GAA-GCA-(GAA)2-GCA-GAA-GCA-(GAA)3-GCA-(GAA)4-GCA-(GAA)4-GCA-(GAA)4-GCA-(GAA)26-GAG-(GAA)17	235	80	25.40	80	0
HG02105_AMR_PEL_c2	917	306	GAA	GCA,A,AGC,GAG	(GAA)21-GCA-(GAA)3-GCA-(GAA)3-GCA-(GAA)3-GCA-(GAA)3-GCA-GAA-GCA-(GAA)4-GCA-(GAA)4-GCA-(GAA)4-GCA-(GAA)4-GCA-GAA-A-(GAA)3-GCA-(GAA)4-GCA-(GAA)4-GCA-(GAA)4-GCA-(GAA)4-GCA-(GAA)4-GCA-(GAA)4-GCA-(GAA)4-GCA-(GAA)4-GCA-(GAA)4-GCA-(GAA)4-GCA-(GAA)4-GCA-(GAA)4-GCA-(GAA)4-GCA-(GAA)4-GCA-(GAA)4-GCA-(GAA)4-GCA-(GAA)4-GCA-(GAA)4-GCA-(GAA)4-GCA-(GAA)4-GCA-GAA-GCA-GAA-GCA-GAA-GCA-GAA-GCA-GAA-GCA-GAA-GCA-GAA-GCA-GAA-GCA-GAA-GCA-GAA-GCA-GAA-(GCA)2-GAA-(GCA)2-GAA-(GCA)2-GAA-GCA-GAA-GCA-GAA-GCA-GAA-GCA-GAA-GCA-GAA-GCA-GAA-GCA-GAA-GCA-GAA-GCA-GAA-GCA-(GAA)2-GCA-GAA-GCA-GAA-(GCA)2-GAA-GCA-GAA-(GCA)2-GAA-GCA-GAA-(GCA)2-GAA-GCA-GAA-GCA-AGC-A-(GAA)2-GCA-GAA-GCA-(GAA)2-GCA-GAA-GCA-(GAA)3-GCA-(GAA)4-GCA-(GAA)4-GCA-(GAA)4-GCA-(GAA)21-GAG-(GAA)17	226	81	26.06	79	2
HG02384_EAS_CDX_c2	965	322	GAA	GCA,GA	(GAA)15-GCA-(GAA)5-GCA-(GAA)4-GCA-(GAA)4-GCA-(GAA)4-GCA-(GAA)4-GCA-(GAA)4-GCA-(GAA)4-GCA-(GAA)4-GCA-(GAA)4-GCA-(GAA)6-GCA-(GAA)4-GCA-(GAA)4-GCA-(GAA)4-GCA-(GAA)5-GCA-(GAA)4-GCA-(GAA)4-GCA-(GAA)4-GCA-(GAA)4-GCA-(GAA)4-GCA-(GAA)4-GCA-(GAA)4-GCA-(GAA)4-GCA-(GAA)4-GCA-(GAA)5-GCA-(GAA)4-GCA-(GAA)4-GCA-(GAA)4-GCA-(GAA)4-GCA-(GAA)4-GCA-GAA-GCA-GAA-GCA-GAA-GCA-GAA-(GCA)2-GAA-(GCA)2-GAA-(GCA)2-GAA-(GCA)2-GAA-(GCA)2-GAA-GCA-GAA-GCA-GAA-GCA-GAA-GCA-GAA-GCA-GAA-GCA-GAA-(GCA)2-GAA-GCA-GAA-GCA-GAA-GCA-GAA-GCA-GAA-(GCA)2-GAA-GCA-(GAA)2-GCA-GAA-GCA-(GAA)2-GCA-GAA-GCA-(GAA)2-GCA-GAA-GCA-(GAA)2-GCA-GAA-GCA-(GAA)3-GCA-GAA-GCA-(GAA)2-GCA-GAA-GCA-GAA-GCA-(GAA)2-GCA-GAA-GCA-GAA-GCA-GAA-GCA-GAA-GCA-GAA-GCA-GAA-GCA-GAA-GCA-GAA-GCA-GAA-GCA-GAA-GCA-GAA-GCA-GAA-GCA-GAA-GCA-GAA-GCA-GAA-GCA-GAA-GCA-GAA-GCA-GAA-GCA-GAA-GCA-GAA-GCA-GAA-GCA-GAA-GCA-GAA-GCA-GAA-GCA-GAA-GCA-GAA-GCA-GAA-GCA-GAA-GCA-(GAA)14-GA	221	101	31.30	100	1
HG02602_SAS_PJL_c2	563	188	GAA	GA,GAG,A	(GAA)5-GA-(GAA)14-GAG-A-(GAA)4-GA-(GAA)6-GA-(GAA)10-GA-(GAA)15-A-(GAA)4-GA-(GAA)5-GA-(GAA)17-GA-(GAA)8-GA-(GAA)11-GA-(GAA)27-GA-(GAA)12-GA-GAA-GA-GAA-A-(GAA)2-GA-(GAA)16-GA-(GAA)13-GA-(GAA)3-GA-GAA	175	20	6.75	1	19
HG02687_SAS_PJL_c2	653	218	GAA	GAG,GA	(GAA)4-GAG-(GAA)3-GAG-(GAA)208-GA	215	3	1.23	2	1
HG03595_SAS_BEB_c2	572	191	GAA	GA	(GAA)190-GA	190	1	0.35	0	1
HG03686_SAS_STU_c2	619	206	GAA	GA,GGA	(GAA)2-AAG-GA-(GAA)2-GGA-(GAA)2-GGA-(GAA)2-GGA-(GAA)2-GGA-(GAA)2-GGA-(GAA)2-GGA-(GAA)184-GA	199	8	4.04	6	2
HG03687_SAS_STU_c2	2873	958	GAA	GA,GGA,GAG,AGG,A,G	(GAA)3-GA-(GAA)2-GGA-(GAA)2-GGA-(GAA)2-GGA-GAA-GGA-GAA-(GGA)4-GAA-(GGA)4-GAA-(GGA)4-GAA-(GGA)4-GAA-(GGA)4-GAA-(GGA)4-GAA-(GGA)4-GAA-(GGA)4-GAA-(GGA)4-GAA-(GGA)4-GAA-(GGA)4-GAA-(GGA)5-GAA-(GGA)4-GAA-(GGA)4-GAA-(GGA)4-GAA-(GGA)4-GAA-(GGA)4-GAA-(GGA)4-GAA-(GGA)4-GAA-(GGA)4-GAA-(GGA)4-GAA-(GGA)4-GAA-(GGA)4-GAA-(GGA)4-GAA-(GGA)4-GAA-(GGA)4-GAA-(GGA)4-GAA-(GGA)4-GAA-(GGA)4-GAA-(GGA)4-GAA-(GGA)4-GAA-(GGA)4-GAA-(GGA)4-GAA-(GGA)4-GAA-(GGA)4-GAA-(GGA)4-GAA-(GGA)4-(GAG)6-AAG-(GAG)4-AAG-(GAG)4-AAG-(GAG)4-AAG-(GAG)4-AAG-(GAG)4-AAG-(GAG)4-AAG-(GAG)4-AAG-(GAG)4-AAG-(GAG)4-AAG-(GAG)4-AAG-(GAG)4-AAG-(GAG)5-AAG-(GAG)4-AAG-(GAG)4-AAG-(GAG)4-AAG-(GAG)4-AAG-(GAG)4-AAG-(GAG)4-AAG-(GAG)4-AAG-(GAG)4-AAG-(GAG)4-AAG-(GAG)4-AAG-(GAG)4-AAG-(GAG)4-AAG-(GAG)4-AAG-(GAG)4-AAG-(GAG)4-AAG-(GAG)5-AAG-(GAG)4-AAG-(GAG)4-AAG-(GAG)4-AAG-(GAG)4-AAG-(GAG)4-AAG-(GAG)4-AAG-(GAG)4-AAG-(GAG)4-AAG-(GAG)4-AAG-(GAG)4-AAG-(GAG)4-AAG-(GAG)4-AAG-(GAG)4-AAG-(GAG)4-AAG-(GAG)4-AAG-(GAG)4-AAG-(GAG)4-AAG-(GAG)4-AAG-(GAG)4-AAG-(GAG)4-AAG-(GAG)4-AAG-(GAG)4-AAG-(GAG)4-AAG-(GAG)4-AAG-(GAG)4-AAG-(GAG)4-AAG-(GAG)4-AAG-(GAG)4-AAG-(GAG)4-AAG-(GAG)4-AAG-(GAG)4-AAG-(GAG)4-AAG-(GAG)16-AAG-(GAG)4-AAG-(GAG)4-AAG-(GAG)4-AAG-(GAG)4-AAG-(GAG)4-AAG-(GAG)4-AAG-(GAG)4-AAG-(GAG)4-AAG-(GAG)4-AAG-(GAG)4-AAG-(GAG)4-AAG-(GAG)4-AAG-(GAG)4-AAG-(GAG)4-AAG-(GAG)4-AAG-(GAG)4-AAG-(GAG)4-AAG-(GAG)4-AAG-(GAG)4-AAG-(GAG)4-AAG-(GAG)4-AGA-(GGA)4-GAA-(GGA)4-GAA-(GGA)4-GAA-(GGA)4-GAA-(GGA)4-GAA-(GGA)4-GAA-(GGA)4-GAA-(GGA)4-GAA-(GGA)4-GAA-(GGA)4-GAA-(GGA)4-GAA-(GGA)4-GAA-(GGA)4-GAA-(GGA)4-GAA-(GGA)4-GAA-(GGA)4-GAA-(GGA)4-GAA-(GGA)4-GAA-(GGA)4-GAA-(GGA)4-GAA-(GGA)2-AGG-A-GAA-GGA-(GAA)2-(GGA)2-GAA-GGA-GAA-(GGA)2-GAA-(GGA)2-(GAA)3-GGA-GAA-GGA-(GAA)4-G-(GAA)3-G-(GAA)2-GGA-(GAA)192	361	599	70.97	595	4
HG03689_SAS_STU_c2	589	196	GAA	AA,GA	GAA-(A)2-(GAA)193-GA-GAA	195	2	0.68	0	2
HG03705-a1_SAS_PJL_c2	581	194	GAA	GA	(GAA)193-GA	193	1	0.34	0	1
HG03705-a2_SAS_PJL_c2	583	194	GAA	G	(GAA)194-G	194	1	0.17	0	1
HG03710_SAS_PJL_c2	627	209	GAA		(GAA)209	209	0	0.00	0	0
HG03721_SAS_ITU_c2	589	196	GAA	A,AA,GAG,GA	(GAA)2-A-(GAA)7-(A)2-(GAA)181-GAG-(GAA)2-GA-GAA-GA	193	5	1.70	1	4
HG03927_SAS_BEB_c2	545	182	GAA	AA,A,GA,AG,GGA,GG,C,GAG	(GAA)6-(A)2-(GAA)3-A-(GAA)2-A-(GAA)16-A-GAA-GA-(GAA)13-AAG-AG-(GAA)2-GGA-(G)2-(GAA)32-GA-(GAA)15-A-GAA-GA-(GAA)23-A-(GAA)18-(A)2-(GAA)4-A-(GAA)6-C-(GAA)5-(A)2-(GAA)15-GA-(GAA)5-GAG-A-(GAA)3	171	19	6.42	2	17
NA10851_EUR_CEU_c2	810	270	GAA	G,GA	(GAA)41-G-(GAA)228-GA	269	2	0.37	0	2
NA12329_EUR_CEU_c2	651	217	GAA	GAG	(GAA)4-GAG-(GAA)212	216	1	0.46	1	0
NA12801_EUR_CEU_c2	634	211	GAA	GAG,GA	(GAA)4-GAG-(GAA)3-GAG-(GAA)3-GAG-(GAA)3-GAG-(GAA)74-GA-(GAA)119-GA	206	6	2.52	4	2
NA12891_EUR_CEU_c2	2497	832	GAA	GGA,GCA,GTT,TCA,AGG,A,GGT,TGG,AGT,TC,GGC,TTC,GAG,AC,TA,GTG,CTA,GAT,CGG,T,GTC,TAC,TGT,GTA,TGC,ATA,GAC,CAG,TGA,AGC,GCG,ATC,AT,ACG,GA,GCT,TTT,ATG,CAA,CGC,TAT,G	(GAA)7-GGA-GAA-GGA-GAA-GGA-GAA-GGA-GAA-GGA-GAA-GGA-GAA-GGA-GAA-GGA-GAA-GGA-GAA-GGA-GAA-GGA-GAA-GGA-GAA-GGA-GAA-GGA-GAA-GGA-GAA-(GGA)3-GAA-GGA-GAA-GGA-GAA-GGA-GAA-GGA-GAA-GGA-GAA-GGA-GAA-GGA-GAA-GGA-GAA-GGA-GAA-GGA-GAA-GGA-GAA-GGA-GAA-GGA-GAA-GGA-GAA-GGA-GAA-GGA-GAA-GGA-GAA-(GGA)2-GAA-GGA-GAA-GGA-GAA-GGA-GAA-GGA-GAA-GGA-GAA-GGA-GAA-GGA-GAA-GGA-GAA-GGA-GAA-GGA-GAA-GGA-GAA-GGA-GAA-GGA-GAA-GGA-GAA-GGA-GAA-GGA-GAA-GGA-GAA-GGA-GAA-GGA-GAA-GGA-GAA-GGA-GAA-GGA-GAA-GCA-GTT-TCA-AGG-A-GAA-GGT-GCA-GGA-GCA-GGT-GCA-GGA-GCA-GGT-GCA-GGT-GCA-TGG-AGT-TCA-GGA-GAA-GGA-TC-GAA-GGA-GAA-GGT-GAA-GGT-GCA-GGC-AGT-TTC-AAG-GAG-TCA-GGA-GCA-GGA-GAA-GGA-GAA-GGA-GCA-GGA-GAA-GGT-AC-GAA-GGT-TCA-GAA-GGC-GAA-TGG-TA-GAA-GGA-GCA-GTG-CTA-GAA-GGT-TA-GAA-GGA-GAA-GGA-GAA-GGT-GCA-AGG-A-GAA-GGA-GCA-GGA-GAT-GGA-GAT-AGG-A-GAA-CGG-TA-GAA-GGT-GAT-GGA-GAA-GGA-GAA-GGA-T-GAA-GGA-GAA-GGC-A-GAA-GGC-GAA-GGA-GCA-GGA-GTC-AGG-TAC-GAA-GGA-GAA-GGA-TGT-AAG-GTA-GAA-GGA-T-GAA-GGA-GCA-AGG-A-GAA-GGA-TGC-ATA-GGA-GAC-AGG-AGA-CAG-(TGA)2-AGG-TGC-AGG-A-GAA-TGG-TA-GAA-GGC-TA-GAA-GGT-AGC-AAG-GTA-GCA-CGG-A-GAA-GCG-ATC-GTA-AGG-AT-GAA-GGA-GTA-AGG-ACG-CAG-GA-GAA-GGA-GCT-AAG-GAC-GAT-AGG-A-GAA-GGA-TGC-AAG-GA-GAA-GGA-(T)3-GCA-ATG-GA-GAA-GGA-GTA-AGG-A-GAA-GTG-TTC-GAA-GGA-GAA-GGA-GAA-GGA-GCA-AGT-GA-GAA-TGC-GAT-GAA-GGA-GAA-GGA-TGT-CAA-GGT-GAA-GGA-GAA-CGC-GAG-TAT-CGC-GA-GAA-TGG-A-GAA-GGA-GAA-GGA-GAA-GGA-GAA-GGA-GAA-GGA-GAA-GGA-GAA-GGA-GAA-GGA-GAA-GGA-GAA-GGA-GAA-GGA-GAA-GGA-GAA-GGA-GAA-GGA-GAA-GGA-GAA-GGA-GAA-GGA-GAA-GGA-GAA-GGA-GAA-GGA-GAA-GGA-GAA-GGA-GAA-GGA-GAA-GGA-GAA-GGA-GAA-GGA-GAA-GGA-GAA-GGA-GAA-GGA-GAA-GGA-GAA-GGA-GAA-GGA-GAA-GGA-GAA-GGA-GAA-GGA-GAA-GGA-GAA-GGA-GAA-GGA-GAA-GGA-GAA-GGA-GAA-GGA-GAA-GGA-GAA-GGA-GAA-GGA-GAA-GGA-GAA-GGA-GAA-GGA-GAA-GGA-GAA-GGA-GAA-GGA-GAA-GGA-GAA-GGA-GAA-GGA-GAA-GGA-GAA-GGA-GAA-GGA-GAA-GGA-GAA-(GGA)2-GAA-GGA-GAA-GGA-GAA-GGA-GAA-GGA-GAA-(GGA)2-GAA-GGA-GAA-GGA-GAA-GGA-GAA-GGA-GAA-GGA-GAA-GGA-GAA-GGA-GAA-GGA-GAA-GGA-GAA-GGA-GAA-GGA-GAA-GGA-GAA-GGA-GAA-GGA-GAA-GGA-GAA-GGA-GAA-GGA-GAA-GGA-GAA-GGA-GAA-GGA-GAA-GGA-GAA-GGA-GAA-GGA-GAA-GGA-GAA-GGA-GAA-GGA-GAA-GGA-GAA-GGA-GAA-GGA-GAA-GGA-GAA-GGA-GAA-GGA-GAA-GGA-GAA-GGA-GAA-GGA-GAA-GGA-GAA-GGA-GAA-GGA-GAA-GGA-GAA-GGA-GAA-GGA-GAA-GGA-GAA-GGA-GAA-GGA-GAA-GGA-GAA-GGA-GAA-GGA-GAA-GGA-GAA-GGA-GAA-GGA-GAA-GGA-GAA-GGA-GAA-GGA-GAA-GGA-GAA-GGA-GAA-GGA-GAA-GGA-GAA-GGA-GAA-GGA-GAA-GGA-GAA-GGA-GAA-GGA-GAA-GGA-GAA-GGA-GAA-GGA-GAA-GGA-GAA-GGA-GAA-GGA-GAA-GGA-GAA-GGA-GAA-GGA-GAA-GGA-(GAG)3-AAG-GA-GAA-GGA-GAA-GGA-GAA-GGA-GAA-GGA-GAA-GGA-GAA-GGA-GAA-GGA-GAA-GGA-GAA-GGA-GAA-GGA-GAA-GGA-GAA-GGA-GAA-GGA-GAA-GGA-GAA-GGA-GAA-GGA-GAA-GGA-GAA-GGA-GAA-GGA-GAA-GGA-GAA-GGA-GAA-GGA-GAA-GGA-GAA-GGA-GAA-GGA-GAA-GGA-GAA-GGA-GAA-GGA-GAA-GGA-GAA-GGA-GAA-GGA-GAA-GGA-GAA-GGA-GAA-GGA-GAA-GGA-GAA-GGA-GAA-GGA-GAA-GGA-GAA-GGA-GAA-GGA-GAA-GGA-GAA-GGA-GAA-GGA-GAA-GGA-GAA-GGA-GAA-GGA-GAA-GGA-GAA-GGA-GAA-GGA-GAA-GGA-GAA-GGA-GAA-GGA-GAA-GGA-GAA-GGA-GAA-GGA-GAA-GGA-GAA-GGA-GAA-GGA-GAA-GGA-GAA-GGA-GAA-GGA-GAA-GGA-GAA-GGA-GAA-GGA-GAA-GGA-GAA-GGA-GAA-(GAG)2-AAG-GA-GAA-GGA-GAA-GGA-GAA-GGA-GAA-GGA-GAA-GGA-GAA-GGA-GAA-GGA-GAA-GGA-GAA-GGA-GAA-GGA-GAA-GGA-GAA-GGA-GAA-GGA-GAA-GGA-GAA-GGA-GAA-GGA-GAA-GGA-GAA-GGA-GAA-GGA-GAA-GGA-GAA-GGA-GAA-GGA-GAA-GGA-GAA-GGA-GAA-GGA-GAA-GGA-GAA-GGA-GAA-GGA-GAA-GGA-(GAA)27-G	378	468	55.55	440	28
NA18526_EAS_CHB_c2	1394	465	GAA	GCA,A,GAG,GA,GAC,GGA,CA	(GAA)17-GCA-(GAA)9-GCA-A-(GAA)4-GAG-A-(GAA)4-GCA-(GAA)4-GCA-(GAA)4-GCA-(GAA)4-GCA-(GAA)4-GCA-(GAA)4-GCA-(GAA)4-GCA-(GAA)4-GCA-(GAA)4-GCA-(GAA)4-GCA-(GAA)4-GCA-(GAA)4-GCA-(GAA)4-GCA-(GAA)4-GCA-(GAA)4-GCA-GAA-GA-(GAA)4-GCA-(GAA)4-GCA-(GAA)4-GCA-(GAA)4-GCA-(GAA)4-GCA-A-(GAA)3-GCA-(GAA)4-GCA-(GAA)3-GAC-A-(GAA)4-GCA-(GAA)4-GCA-(GAA)4-GCA-(GAA)4-GCA-(GAA)4-GCA-(GAA)4-GCA-GAA-GCA-GAA-GCA-GAA-GCA-GAA-(GCA)2-GAA-(GCA)2-GAA-(GCA)2-GAA-(GCA)2-GAA-(GCA)2-GAA-GCA-GAA-GCA-GAA-GCA-GAA-GCA-GAA-GCA-GAA-GCA-GAA-GCA-GAA-GCA-GAA-GCA-GAA-GCA-GAA-GCA-GAA-GCA-(GAA)2-GCA-GAA-GCA-(GAA)2-GCA-GAA-GCA-(GAA)2-GCA-GAA-GCA-(GAA)2-GCA-GAA-GCA-(GAA)2-GCA-GAA-GCA-(GAA)2-GCA-GAA-GCA-(GAA)2-GCA-(GAA)2-(GCA)2-GAA-(GCA)2-GAA-(GCA)2-GAA-GCA-GAA-GCA-GAA-GCA-GAA-GCA-GAA-GCA-GAA-GCA-GAA-GCA-GAA-GCA-GAA-GCA-(GAA)2-GCA-(GAA)2-GCA-(GAA)2-GCA-(GAA)2-GCA-GAA-GGA-CA-GAA-GCA-GAA-GCA-GAA-GCA-GAA-GCA-GAA-GCA-GAA-GCA-GAA-GCA-GAA-GCA-GAA-GCA-GAA-GCA-GAA-GCA-GAA-GCA-GAA-GCA-GAA-GAC-A-GAA-GCA-(GAA)5-GAC-A-(GAA)2-GCA-(GAA)2-GCA-(GAA)2-GCA-(GAA)2-GCA-(GAA)2-GCA-(GAA)2-GCA-(GAA)2-GCA-A-(GAA)107	348	122	25.11	113	9
NA18532_EAS_CHB_c2	975	325	GAA	GCA,GAC,A,GA,GAT	(GAA)25-GCA-(GAA)3-GAC-A-(GAA)4-GCA-(GAA)4-GCA-(GAA)4-GCA-(GAA)4-GA-(GAA)4-GCA-(GAA)4-GCA-(GAA)4-GCA-A-(GAA)4-GCA-(GAA)4-GCA-(GAA)5-GAC-A-(GAA)4-GCA-(GAA)4-GCA-(GAA)4-GCA-(GAA)4-GCA-GAA-GCA-GAA-GCA-GAA-GCA-GAA-GCA-GAA-(GCA)2-GAA-(GCA)2-GAA-(GCA)2-GAA-(GCA)2-GAA-(GCA)2-GAA-(GCA)2-GAA-GCA-GAA-GCA-GAA-GCA-GAA-GCA-GAA-GCA-GAA-GCA-(GAA)2-GCA-GAA-GCA-GAA-GCA-(GAA)2-GCA-GAA-GCA-(GAA)2-GCA-GAA-(GCA)2-GAA-(GCA)4-GAA-GCA-GAA-(GCA)2-GAA-GCA-GAA-(GCA)2-GAA-GCA-GAA-(GCA)2-GAA-A-(GAA)51-GA-(GAA)92-GAT-A-GAA	263	66	19.08	59	7
NA18552_EAS_CHB_c2	1653	551	GAA	GCA,GAG,A,GAC,AC,AGC,ACA,GA	(GAA)24-GCA-(GAA)5-GCA-(GAA)4-GCA-(GAA)4-GCA-(GAA)4-GCA-(GAA)4-GCA-(GAA)4-GCA-(GAA)4-GCA-(GAA)4-GCA-(GAA)4-GCA-(GAA)4-GCA-(GAA)4-GCA-(GAA)4-GCA-(GAA)4-GCA-(GAA)4-GCA-(GAA)4-GCA-GAG-A-(GAA)3-GCA-(GAA)4-GCA-(GAA)4-GCA-(GAA)4-GCA-(GAA)4-GCA-(GAA)4-GCA-(GAA)3-GAC-A-(GAA)4-GCA-(GAA)4-GCA-(GAA)4-GCA-(GAA)2-GCA-GAA-GCA-GAA-GCA-GAA-GCA-GAA-GAC-A-GAA-GCA-GAA-GCA-AC-GAA-GCA-GAA-GCA-GAA-(GCA)2-GAA-(GCA)2-GAC-(AGC)2-A-GAA-GCA-GAA-(GCA)2-AGC-A-GAA-GCA-GAA-GCA-GAC-AGC-A-GAA-(GCA)2-A-GAA-(GCA)2-GAA-GCA-GAC-A-GAA-GCA-GAA-GCA-GAA-GCA-AGC-A-GAA-GCA-GAA-(GCA)2-GAA-GCA-GAA-(GCA)2-GAA-GCA-GAA-GCA-GAC-(AGC)2-AGA-GCA-GAA-GCA-GAA-GCA-GAA-GCA-(GAA)2-GCA-GAC-A-GAA-GCA-AGA-(GAA)2-GCA-GAA-GCA-GAA-GCA-GAA-GCA-GAA-GCA-GAA-GCA-GAA-GCA-GAA-GCA-GAA-GCA-GAA-GCA-GAA-GCA-GAA-GCA-GAA-GCA-GAA-GCA-GAA-GCA-GAA-GCA-GAA-GCA-GAA-GCA-A-GAA-GCA-GAA-GCA-GAA-GCA-GAA-GCA-GAA-GCA-GAA-GCA-GAA-GCA-GAA-(GCA)2-GAA-GCA-GAA-(GCA)19-GAA-GCA-ACA-GCA-GAA-GCA-GAA-GCA-GAA-GCA-GAA-GCA-GAA-GCA-GAA-GCA-GAA-GCA-GAA-GCA-GAA-GCA-GAA-GCA-GAA-GCA-GAA-GCA-GAA-GCA-GAA-GCA-GAA-GCA-GAA-GCA-GAA-GCA-GAA-GCA-GAA-(GCA)2-GAA-(GCA)2-GAA-(GCA)2-GAA-(GCA)2-GAA-(GCA)2-GAA-(GCA)2-GAA-(GCA)2-GAA-(GCA)2-GAA-(GCA)3-(GAA)2-(GCA)2-GAA-(GCA)3-(GAA)2-(GCA)2-(GAA)2-(GCA)2-(GAA)2-(GCA)2-(GAA)2-(GCA)2-(GAA)2-(GCA)2-(GAA)2-(GCA)2-(GAA)2-(GCA)2-(GAA)2-(GCA)2-GAA-GCA-GAA-GCA-(GAA)2-GCA-GAA-GCA-GAA-GCA-GAA-GCA-GAA-GCA-GAA-GCA-GAA-GCA-(GAA)2-(GCA)2-GAA-(GCA)2-GAA-(GCA)2-GAA-GCA-(GAA)3-GCA-(GAA)3-GCA-(GAA)3-GCA-(GAA)3-GCA-(GAA)77-GA	339	220	38.84	207	13
NA18567_EAS_CHB_c2	1700	567	GAA	GCA,A,GAT,AA,GGA,GC,GCT,GCG,ATA,AGC,CTA,TA,T,GTA,ACA,GTC,CAG,CA,TAG	(GAA)26-GCA-(GAA)4-GCA-(GAA)4-GCA-(GAA)4-GCA-(GAA)4-GCA-(GAA)4-GCA-(GAA)4-GCA-(GAA)4-GCA-(GAA)4-GCA-(GAA)4-GCA-(GAA)4-GCA-(GAA)4-GCA-(GAA)4-GCA-(GAA)4-GCA-(GAA)4-GCA-(GAA)4-GCA-(GAA)4-GCA-(GAA)4-GCA-(GAA)4-GCA-(GAA)4-GCA-(GAA)4-GCA-(GAA)4-GCA-(GAA)4-GCA-(GAA)4-GCA-A-(GAA)4-GCA-(GAA)4-GCA-(GAA)3-GCA-(GAA)4-GCA-(GAA)4-GCA-(GAA)3-(GCA)2-(GAA)4-GCA-(GAA)4-GCA-GAA-GCA-GAA-GCA-GAA-GCA-GAA-GCA-GAA-GCA-GAA-GCA-GAA-GCA-GAA-GCA-GAA-(GCA)2-GAA-(GCA)2-GAA-(GCA)2-GAA-(GCA)2-GAA-(GCA)2-GAA-GCA-GAA-GCA-GAA-GCA-GAA-GCA-GAT-GCA-GAA-GCA-(A)2-GAA-GCA-GAA-GCA-GAA-GCA-GAA-GCA-GAA-GCA-GAA-(GCA)2-GAA-GCA-GAA-(GCA)2-GAA-GCA-GAA-(GCA)3-GAA-(GCA)3-GAA-GCA-GGA-GCA-GAA-GCA-GAA-GC-GAA-GCT-AGA-GCG-ATA-GCT-AGC-AAG-CTA-GAA-GCT-A-GAA-GCT-GAA-(GCA)2-AGC-TA-GAA-GCA-GAA-GCA-GAA-GCA-GAA-(GCA)2-T-GAA-GTA-GCG-ACA-(GCA)2-GAA-(GCA)2-GAA-(GCA)2-GAA-(GCA)2-A-GAA-GCA-GTC-A-GAA-(GCA)2-GAA-(GCA)2-(GAA)2-(CAG)2-(A)2-GAA-(GCA)2-(GAA)2-ACA-GCA-(GAA)2-(GCA)3-(GAA)2-(GCA)2-GAA-(GCA)2-GAA-GCA-GAA-GCA-GAA-GCA-GAT-AGC-A-GAA-GCA-GAA-GCA-GAA-GCT-A-GAA-GCT-A-GAA-GCA-A-GAA-GCA-GAA-GCA-GAA-GCA-GAA-GCA-GAA-GCT-(A)2-GAA-GCA-CA-GAA-GCA-TAG-CTA-GAA-GCT-A-GAA-GCA-GAA-GCA-GAA-GCT-AGA-GCA-GAA-(GCA)2-GAA-(GCA)3-GAA-(GCA)9-GAA-GCA-GAA-GCA-GAA-GCA-GAA-GCA-GAA-GCA-A-GAA-GCA-GAA-GCA-GAA-GCA-(GAA)2-GCA-(GAA)2-GCA-(GAA)2-GCA-GAA-GCA-GAA-GCA-GAA-GCA-GAA-GCA-GAA-GCA-GAA-(GCA)2-GAA-(GCA)2-(GAA)2-GCA-(GAA)2-GCA-(GAA)2-GCA-(GAA)2-GCA-(GAA)2-GCA-(GAA)2-GCA-(GAA)2-GCA-(GAA)2-GCA-(GAA)2-GCA-(GAA)2-GCA-(GAA)2-GCA-(GAA)2-GCA-(GAA)2-GCA-(GAA)2-GCA-(GAA)2-GCA-(GAA)2-GCA-(GAA)2-GCA-(GAA)2-GCA-(GAA)2-GCA-(GAA)2-GCA-(GAA)2-GCA-GAA-GCA-GAA-GCA-GAA-GCA-GAA-GCA-GAA-GCA-GAA-GCA-GAA-GCA-GAA-GCA-GAA-GCA-GAA-GCA-GAA-GCA-GAA-GCA-GAA-GCA-GAA-GCA-GAA-GCA-(GAA)32	340	236	40.53	219	17
NA18616_EAS_CHB_c2	888	296	GAA	GCA,AGC,A,GA	(GAA)21-GCA-(GAA)3-GCA-(GAA)3-GCA-(GAA)3-GCA-GAA-GCA-(GAA)4-GCA-(GAA)4-GCA-(GAA)4-GCA-(GAA)4-GCA-(GAA)4-GCA-(GAA)4-AGC-A-(GAA)4-GCA-(GAA)4-GCA-(GAA)4-GCA-(GAA)4-GCA-(GAA)4-GCA-(GAA)4-GCA-(GAA)4-GCA-(GAA)4-GCA-(GAA)4-GCA-(GAA)4-GCA-(GAA)4-GCA-(GAA)4-GCA-(GAA)4-GCA-(GAA)4-GCA-(GAA)4-GCA-(GAA)4-GCA-(GAA)4-GCA-(GAA)4-GCA-GAA-GCA-GAA-GCA-GAA-GCA-GAA-GCA-GAA-GCA-GAA-GCA-GAA-GCA-GAA-GCA-GAA-GCA-GAA-(GCA)2-GAA-(GCA)2-GAA-(GCA)2-GAA-GCA-GAA-GCA-GAA-GCA-GAA-GCA-GAA-GCA-GAA-GCA-GAA-GCA-GAA-GCA-GAA-GCA-GAA-GCA-GAA-GCA-(GAA)2-GCA-GAA-GCA-GAA-(GCA)2-GAA-GCA-GAA-(GCA)2-GAA-GCA-GAA-(GCA)2-GAA-GCA-GAA-(GCA)2-GAA-GCA-GAA-GCA-(GAA)2-GCA-GAA-GCA-(GAA)3-GCA-(GAA)4-GCA-(GAA)4-GCA-(GAA)4-GCA-(GAA)39-GA	219	78	26.01	76	2
NA19654_AMR_MXL_c2	924	308	GAA	GCA,A,GAG,AG,G,GA	(GAA)22-GCA-(GAA)3-GCA-(GAA)3-GCA-(GAA)3-GCA-GAA-GCA-(GAA)4-GCA-(GAA)4-GCA-(GAA)4-GCA-(GAA)4-GCA-(GAA)4-GCA-(GAA)4-GCA-(GAA)4-GCA-(GAA)4-GCA-(GAA)4-GCA-(GAA)4-GCA-(GAA)4-GCA-(GAA)4-GCA-(GAA)4-GCA-(GAA)4-GCA-(GAA)4-GCA-(GAA)4-GCA-(GAA)4-GCA-(GAA)4-GCA-(GAA)4-GCA-(GAA)4-GCA-(GAA)4-GCA-(GAA)4-GCA-(GAA)4-GCA-(GAA)4-GCA-(GAA)4-GCA-GAA-GCA-GAA-GCA-GAA-GCA-GAA-GCA-GAA-GCA-GAA-GCA-GAA-GCA-GAA-GCA-GAA-GCA-GAA-(GCA)2-GAA-(GCA)2-GAA-(GCA)2-GAA-GCA-GAA-GCA-GAA-GCA-GAA-GCA-GAA-GCA-GAA-GCA-GAA-GCA-GAA-GCA-GAA-GCA-GAA-GCA-GAA-GCA-GAA-GCA-(GAA)2-GCA-GAA-GCA-GAA-(GCA)2-GAA-GCA-GAA-(GCA)2-GAA-GCA-GAA-(GCA)2-GAA-GCA-GAA-(GCA)2-GAA-GCA-GAA-GCA-(GAA)2-GCA-GAA-GCA-(GAA)3-GCA-(GAA)4-GCA-(GAA)4-GCA-(GAA)4-GCA-(GAA)21-A-(GAA)5-GAG-AG-(GAA)14-G-GAA-GA	227	83	26.30	79	4
NA20893_SAS_GIH_c2	575	192	GAA	GA,A	(GAA)4-GA-(GAA)181-A-(GAA)5-GA	190	3	0.87	0	3
NA21126_SAS_GIH_c2	615	205	GAA		(GAA)205	205	0	0.00	0	0
